"key","labid","fieldid.x","rep.x","speciessimpleid.x","defecator","final_scientific","species","genus","family","order","class","final_common","genus_group","family_group","order_group","class_group","counts","best_match_pid.mean","phylum","fieldid.y","total_reads","rep.y","rep_reads","speciessimpleid.y","spec_reads","p_reads"
"DESC-0282__2_repaCallospermophilus lateralis","DESC02","DESC-0282__2","repa","Callospermophilus lateralis","Vulpes vulpes","Callospermophilus lateralis","lateralis","Callospermophilus","Sciuridae","Rodentia","Mammalia","Golden-mantled ground squirrel","Ground squirrel","Squirrels","Rodents","Mammals",9230,100,"Chordata","DESC-0282__2",22502,"repa",11501,"Callospermophilus lateralis",18188,0.808283708114834
"DESC-0282__2_repaCervus canadensis","DESC02","DESC-0282__2","repa","Cervus canadensis","Vulpes vulpes","Cervus canadensis","canadensis","Cervus","Cervidae","Cetartiodactyla","Mammalia","Elk","Elk","Deer and elk","Even-toed ungulates","Mammals",1062,100,"Chordata","DESC-0282__2",22502,"repa",11501,"Cervus canadensis",1696,0.0753710781263888
"DESC-0282__2_repaSorex sp.","DESC02","DESC-0282__2","repa","Sorex sp.","Vulpes vulpes","Sorex sp.","sp.","Sorex","Soricidae","Soricimorpha","Mammalia","Shrew","Shrew","Shrews","Moles and shrews","Mammals",221,100,"Chordata","DESC-0282__2",22502,"repa",11501,"Sorex sp.",501,0.0222646875833259
"DESC-0282__2_repaThomomys talpoides","DESC02","DESC-0282__2","repa","Thomomys talpoides","Vulpes vulpes","Thomomys talpoides","talpoides","Thomomys","Geomyidae","Rodentia","Mammalia","Northern pocket gopher","Pocket gopher","Pocket gophers","Rodents","Mammals",988,99.34,"Chordata","DESC-0282__2",22502,"repa",11501,"Thomomys talpoides",2117,0.0940805261754511
"DESC-0282__2_repbCallospermophilus lateralis","DESC02","DESC-0282__2","repb","Callospermophilus lateralis","Vulpes vulpes","Callospermophilus lateralis","lateralis","Callospermophilus","Sciuridae","Rodentia","Mammalia","Golden-mantled ground squirrel","Ground squirrel","Squirrels","Rodents","Mammals",5952,100,"Chordata","DESC-0282__2",22502,"repb",7565,"Callospermophilus lateralis",18188,0.808283708114834
"DESC-0282__2_repbCervus canadensis","DESC02","DESC-0282__2","repb","Cervus canadensis","Vulpes vulpes","Cervus canadensis","canadensis","Cervus","Cervidae","Cetartiodactyla","Mammalia","Elk","Elk","Deer and elk","Even-toed ungulates","Mammals",634,100,"Chordata","DESC-0282__2",22502,"repb",7565,"Cervus canadensis",1696,0.0753710781263888
"DESC-0282__2_repbSorex sp.","DESC02","DESC-0282__2","repb","Sorex sp.","Vulpes vulpes","Sorex sp.","sp.","Sorex","Soricidae","Soricimorpha","Mammalia","Shrew","Shrew","Shrews","Moles and shrews","Mammals",173,100,"Chordata","DESC-0282__2",22502,"repb",7565,"Sorex sp.",501,0.0222646875833259
"DESC-0282__2_repbThomomys talpoides","DESC02","DESC-0282__2","repb","Thomomys talpoides","Vulpes vulpes","Thomomys talpoides","talpoides","Thomomys","Geomyidae","Rodentia","Mammalia","Northern pocket gopher","Pocket gopher","Pocket gophers","Rodents","Mammals",806,99.34,"Chordata","DESC-0282__2",22502,"repb",7565,"Thomomys talpoides",2117,0.0940805261754511
"DESC-0282__2_repcCallospermophilus lateralis","DESC02","DESC-0282__2","repc","Callospermophilus lateralis","Vulpes vulpes","Callospermophilus lateralis","lateralis","Callospermophilus","Sciuridae","Rodentia","Mammalia","Golden-mantled ground squirrel","Ground squirrel","Squirrels","Rodents","Mammals",3006,100,"Chordata","DESC-0282__2",22502,"repc",3436,"Callospermophilus lateralis",18188,0.808283708114834
"DESC-0282__2_repcCervus canadensis","DESC02","DESC-0282__2","repc","Cervus canadensis","Vulpes vulpes","Cervus canadensis","canadensis","Cervus","Cervidae","Cetartiodactyla","Mammalia","Elk","Elk","Deer and elk","Even-toed ungulates","Mammals",0,100,"Chordata","DESC-0282__2",22502,"repc",3436,"Cervus canadensis",1696,0.0753710781263888
"DESC-0282__2_repcSorex sp.","DESC02","DESC-0282__2","repc","Sorex sp.","Vulpes vulpes","Sorex sp.","sp.","Sorex","Soricidae","Soricimorpha","Mammalia","Shrew","Shrew","Shrews","Moles and shrews","Mammals",107,100,"Chordata","DESC-0282__2",22502,"repc",3436,"Sorex sp.",501,0.0222646875833259
"DESC-0282__2_repcThomomys talpoides","DESC02","DESC-0282__2","repc","Thomomys talpoides","Vulpes vulpes","Thomomys talpoides","talpoides","Thomomys","Geomyidae","Rodentia","Mammalia","Northern pocket gopher","Pocket gopher","Pocket gophers","Rodents","Mammals",323,99.34,"Chordata","DESC-0282__2",22502,"repc",3436,"Thomomys talpoides",2117,0.0940805261754511
"DESC-0282_22_repaThomomys talpoides","DESC23","DESC-0282_22","repa","Thomomys talpoides","Vulpes vulpes","Thomomys talpoides","talpoides","Thomomys","Geomyidae","Rodentia","Mammalia","Northern pocket gopher","Pocket gopher","Pocket gophers","Rodents","Mammals",6373,98.9190909090909,"Chordata","DESC-0282_22",11057,"repa",6373,"Thomomys talpoides",11057,1
"DESC-0282_22_repbThomomys talpoides","DESC23","DESC-0282_22","repb","Thomomys talpoides","Vulpes vulpes","Thomomys talpoides","talpoides","Thomomys","Geomyidae","Rodentia","Mammalia","Northern pocket gopher","Pocket gopher","Pocket gophers","Rodents","Mammals",0,98.9190909090909,"Chordata","DESC-0282_22",11057,"repb",0,"Thomomys talpoides",11057,1
"DESC-0282_22_repcThomomys talpoides","DESC23","DESC-0282_22","repc","Thomomys talpoides","Vulpes vulpes","Thomomys talpoides","talpoides","Thomomys","Geomyidae","Rodentia","Mammalia","Northern pocket gopher","Pocket gopher","Pocket gophers","Rodents","Mammals",4684,98.9190909090909,"Chordata","DESC-0282_22",11057,"repc",4684,"Thomomys talpoides",11057,1
"DESC_0190_15_repaCervus canadensis","DESC65","DESC_0190_15","repa","Cervus canadensis","Vulpes vulpes","Cervus canadensis","canadensis","Cervus","Cervidae","Cetartiodactyla","Mammalia","Elk","Elk","Deer and elk","Even-toed ungulates","Mammals",5985,99.6733333333333,"Chordata","DESC_0190_15",31588,"repa",13641,"Cervus canadensis",16278,0.515322274281373
"DESC_0190_15_repaThomomys talpoides","DESC65","DESC_0190_15","repa","Thomomys talpoides","Vulpes vulpes","Thomomys talpoides","talpoides","Thomomys","Geomyidae","Rodentia","Mammalia","Northern pocket gopher","Pocket gopher","Pocket gophers","Rodents","Mammals",7656,99.009,"Chordata","DESC_0190_15",31588,"repa",13641,"Thomomys talpoides",15310,0.484677725718627
"DESC_0190_15_repbCervus canadensis","DESC65","DESC_0190_15","repb","Cervus canadensis","Vulpes vulpes","Cervus canadensis","canadensis","Cervus","Cervidae","Cetartiodactyla","Mammalia","Elk","Elk","Deer and elk","Even-toed ungulates","Mammals",5330,99.6733333333333,"Chordata","DESC_0190_15",31588,"repb",5330,"Cervus canadensis",16278,0.515322274281373
"DESC_0190_15_repbThomomys talpoides","DESC65","DESC_0190_15","repb","Thomomys talpoides","Vulpes vulpes","Thomomys talpoides","talpoides","Thomomys","Geomyidae","Rodentia","Mammalia","Northern pocket gopher","Pocket gopher","Pocket gophers","Rodents","Mammals",0,99.009,"Chordata","DESC_0190_15",31588,"repb",5330,"Thomomys talpoides",15310,0.484677725718627
"DESC_0190_15_repcCervus canadensis","DESC65","DESC_0190_15","repc","Cervus canadensis","Vulpes vulpes","Cervus canadensis","canadensis","Cervus","Cervidae","Cetartiodactyla","Mammalia","Elk","Elk","Deer and elk","Even-toed ungulates","Mammals",4963,99.6733333333333,"Chordata","DESC_0190_15",31588,"repc",12617,"Cervus canadensis",16278,0.515322274281373
"DESC_0190_15_repcThomomys talpoides","DESC65","DESC_0190_15","repc","Thomomys talpoides","Vulpes vulpes","Thomomys talpoides","talpoides","Thomomys","Geomyidae","Rodentia","Mammalia","Northern pocket gopher","Pocket gopher","Pocket gophers","Rodents","Mammals",7654,99.009,"Chordata","DESC_0190_15",31588,"repc",12617,"Thomomys talpoides",15310,0.484677725718627
"DESC_0190_16_repaNeotoma cinerea","DESC66","DESC_0190_16","repa","Neotoma cinerea","Vulpes vulpes","Neotoma cinerea","cinerea","Neotoma","Cricetidae","Rodentia","Mammalia","Bushy-tailed woodrat","Woodrat","Cricetids","Rodents","Mammals",182,100,"Chordata","DESC_0190_16",6072,"repa",2435,"Neotoma cinerea",724,0.119235836627141
"DESC_0190_16_repaThomomys talpoides","DESC66","DESC_0190_16","repa","Thomomys talpoides","Vulpes vulpes","Thomomys talpoides","talpoides","Thomomys","Geomyidae","Rodentia","Mammalia","Northern pocket gopher","Pocket gopher","Pocket gophers","Rodents","Mammals",2253,99.1514285714286,"Chordata","DESC_0190_16",6072,"repa",2435,"Thomomys talpoides",5348,0.880764163372859
"DESC_0190_16_repbNeotoma cinerea","DESC66","DESC_0190_16","repb","Neotoma cinerea","Vulpes vulpes","Neotoma cinerea","cinerea","Neotoma","Cricetidae","Rodentia","Mammalia","Bushy-tailed woodrat","Woodrat","Cricetids","Rodents","Mammals",310,100,"Chordata","DESC_0190_16",6072,"repb",3405,"Neotoma cinerea",724,0.119235836627141
"DESC_0190_16_repbThomomys talpoides","DESC66","DESC_0190_16","repb","Thomomys talpoides","Vulpes vulpes","Thomomys talpoides","talpoides","Thomomys","Geomyidae","Rodentia","Mammalia","Northern pocket gopher","Pocket gopher","Pocket gophers","Rodents","Mammals",3095,99.1514285714286,"Chordata","DESC_0190_16",6072,"repb",3405,"Thomomys talpoides",5348,0.880764163372859
"DESC_0190_16_repcNeotoma cinerea","DESC66","DESC_0190_16","repc","Neotoma cinerea","Vulpes vulpes","Neotoma cinerea","cinerea","Neotoma","Cricetidae","Rodentia","Mammalia","Bushy-tailed woodrat","Woodrat","Cricetids","Rodents","Mammals",232,100,"Chordata","DESC_0190_16",6072,"repc",232,"Neotoma cinerea",724,0.119235836627141
"DESC_0190_16_repcThomomys talpoides","DESC66","DESC_0190_16","repc","Thomomys talpoides","Vulpes vulpes","Thomomys talpoides","talpoides","Thomomys","Geomyidae","Rodentia","Mammalia","Northern pocket gopher","Pocket gopher","Pocket gophers","Rodents","Mammals",0,99.1514285714286,"Chordata","DESC_0190_16",6072,"repc",232,"Thomomys talpoides",5348,0.880764163372859
"DESC_0190_27_repaOdocoileus sp.","DESC77","DESC_0190_27","repa","Odocoileus sp.","Vulpes vulpes","Odocoileus sp.","sp.","Odocoileus","Cervidae","Cetartiodactyla","Mammalia","Deer","Deer","Deer and elk","Even-toed ungulates","Mammals",39296,100,"Chordata","DESC_0190_27",123666,"repa",39470,"Odocoileus sp.",123182,0.996086232270794
"DESC_0190_27_repaThomomys talpoides","DESC77","DESC_0190_27","repa","Thomomys talpoides","Vulpes vulpes","Thomomys talpoides","talpoides","Thomomys","Geomyidae","Rodentia","Mammalia","Northern pocket gopher","Pocket gopher","Pocket gophers","Rodents","Mammals",174,99.01,"Chordata","DESC_0190_27",123666,"repa",39470,"Thomomys talpoides",484,0.00391376772920609
"DESC_0190_27_repbOdocoileus sp.","DESC77","DESC_0190_27","repb","Odocoileus sp.","Vulpes vulpes","Odocoileus sp.","sp.","Odocoileus","Cervidae","Cetartiodactyla","Mammalia","Deer","Deer","Deer and elk","Even-toed ungulates","Mammals",44200,100,"Chordata","DESC_0190_27",123666,"repb",44386,"Odocoileus sp.",123182,0.996086232270794
"DESC_0190_27_repbThomomys talpoides","DESC77","DESC_0190_27","repb","Thomomys talpoides","Vulpes vulpes","Thomomys talpoides","talpoides","Thomomys","Geomyidae","Rodentia","Mammalia","Northern pocket gopher","Pocket gopher","Pocket gophers","Rodents","Mammals",186,99.01,"Chordata","DESC_0190_27",123666,"repb",44386,"Thomomys talpoides",484,0.00391376772920609
"DESC_0190_27_repcOdocoileus sp.","DESC77","DESC_0190_27","repc","Odocoileus sp.","Vulpes vulpes","Odocoileus sp.","sp.","Odocoileus","Cervidae","Cetartiodactyla","Mammalia","Deer","Deer","Deer and elk","Even-toed ungulates","Mammals",39686,100,"Chordata","DESC_0190_27",123666,"repc",39810,"Odocoileus sp.",123182,0.996086232270794
"DESC_0190_27_repcThomomys talpoides","DESC77","DESC_0190_27","repc","Thomomys talpoides","Vulpes vulpes","Thomomys talpoides","talpoides","Thomomys","Geomyidae","Rodentia","Mammalia","Northern pocket gopher","Pocket gopher","Pocket gophers","Rodents","Mammals",124,99.01,"Chordata","DESC_0190_27",123666,"repc",39810,"Thomomys talpoides",484,0.00391376772920609
"DESC_0231_11_repaOdocoileus sp.","DESC99","DESC_0231_11","repa","Odocoileus sp.","Vulpes vulpes","Odocoileus sp.","sp.","Odocoileus","Cervidae","Cetartiodactyla","Mammalia","Deer","Deer","Deer and elk","Even-toed ungulates","Mammals",319,100,"Chordata","DESC_0231_11",7538,"repa",3025,"Odocoileus sp.",784,0.1040063677368
"DESC_0231_11_repaPeromyscus maniculatus","DESC99","DESC_0231_11","repa","Peromyscus maniculatus","Vulpes vulpes","Peromyscus maniculatus","maniculatus","Peromyscus","Cricetidae","Rodentia","Mammalia","Deer mouse","Deer mice","Cricetids","Rodents","Mammals",1012,100,"Chordata","DESC_0231_11",7538,"repa",3025,"Peromyscus maniculatus",2628,0.348633589811621
"DESC_0231_11_repaThomomys talpoides","DESC99","DESC_0231_11","repa","Thomomys talpoides","Vulpes vulpes","Thomomys talpoides","talpoides","Thomomys","Geomyidae","Rodentia","Mammalia","Northern pocket gopher","Pocket gopher","Pocket gophers","Rodents","Mammals",1694,99.01,"Chordata","DESC_0231_11",7538,"repa",3025,"Thomomys talpoides",4126,0.547360042451579
"DESC_0231_11_repbOdocoileus sp.","DESC99","DESC_0231_11","repb","Odocoileus sp.","Vulpes vulpes","Odocoileus sp.","sp.","Odocoileus","Cervidae","Cetartiodactyla","Mammalia","Deer","Deer","Deer and elk","Even-toed ungulates","Mammals",318,100,"Chordata","DESC_0231_11",7538,"repb",2996,"Odocoileus sp.",784,0.1040063677368
"DESC_0231_11_repbPeromyscus maniculatus","DESC99","DESC_0231_11","repb","Peromyscus maniculatus","Vulpes vulpes","Peromyscus maniculatus","maniculatus","Peromyscus","Cricetidae","Rodentia","Mammalia","Deer mouse","Deer mice","Cricetids","Rodents","Mammals",1076,100,"Chordata","DESC_0231_11",7538,"repb",2996,"Peromyscus maniculatus",2628,0.348633589811621
"DESC_0231_11_repbThomomys talpoides","DESC99","DESC_0231_11","repb","Thomomys talpoides","Vulpes vulpes","Thomomys talpoides","talpoides","Thomomys","Geomyidae","Rodentia","Mammalia","Northern pocket gopher","Pocket gopher","Pocket gophers","Rodents","Mammals",1602,99.01,"Chordata","DESC_0231_11",7538,"repb",2996,"Thomomys talpoides",4126,0.547360042451579
"DESC_0231_11_repcOdocoileus sp.","DESC99","DESC_0231_11","repc","Odocoileus sp.","Vulpes vulpes","Odocoileus sp.","sp.","Odocoileus","Cervidae","Cetartiodactyla","Mammalia","Deer","Deer","Deer and elk","Even-toed ungulates","Mammals",147,100,"Chordata","DESC_0231_11",7538,"repc",1517,"Odocoileus sp.",784,0.1040063677368
"DESC_0231_11_repcPeromyscus maniculatus","DESC99","DESC_0231_11","repc","Peromyscus maniculatus","Vulpes vulpes","Peromyscus maniculatus","maniculatus","Peromyscus","Cricetidae","Rodentia","Mammalia","Deer mouse","Deer mice","Cricetids","Rodents","Mammals",540,100,"Chordata","DESC_0231_11",7538,"repc",1517,"Peromyscus maniculatus",2628,0.348633589811621
"DESC_0231_11_repcThomomys talpoides","DESC99","DESC_0231_11","repc","Thomomys talpoides","Vulpes vulpes","Thomomys talpoides","talpoides","Thomomys","Geomyidae","Rodentia","Mammalia","Northern pocket gopher","Pocket gopher","Pocket gophers","Rodents","Mammals",830,99.01,"Chordata","DESC_0231_11",7538,"repc",1517,"Thomomys talpoides",4126,0.547360042451579
"DESC_0231_13_repaChordeiles minor","DESC101","DESC_0231_13","repa","Chordeiles minor","Vulpes vulpes","Chordeiles minor","minor","Chordeiles","Caprimulgidae","Caprimulgiformes","Aves","Common nighthawk","Nighthawk","Nighthawks","Nighthawks","Birds",14200,100,"Chordata","DESC_0231_13",52024,"repa",14200,"Chordeiles minor",52024,1
"DESC_0231_13_repbChordeiles minor","DESC101","DESC_0231_13","repb","Chordeiles minor","Vulpes vulpes","Chordeiles minor","minor","Chordeiles","Caprimulgidae","Caprimulgiformes","Aves","Common nighthawk","Nighthawk","Nighthawks","Nighthawks","Birds",34212,100,"Chordata","DESC_0231_13",52024,"repb",34212,"Chordeiles minor",52024,1
"DESC_0231_13_repcChordeiles minor","DESC101","DESC_0231_13","repc","Chordeiles minor","Vulpes vulpes","Chordeiles minor","minor","Chordeiles","Caprimulgidae","Caprimulgiformes","Aves","Common nighthawk","Nighthawk","Nighthawks","Nighthawks","Birds",3612,100,"Chordata","DESC_0231_13",52024,"repc",3612,"Chordeiles minor",52024,1
"DESC_0231_14a_repaMarmota flaviventris","DESC102a","DESC_0231_14a","repa","Marmota flaviventris","Vulpes vulpes","Marmota flaviventris","flaviventris","Marmota","Sciuridae","Rodentia","Mammalia","Yellow-bellied marmot","Marmot","Squirrels","Rodents","Mammals",18644,99.495,"Chordata","DESC_0231_14a",74336,"repa",21994,"Marmota flaviventris",62864,0.845673697804563
"DESC_0231_14a_repaMyodes californicus","DESC102a","DESC_0231_14a","repa","Myodes californicus","Vulpes vulpes","Myodes californicus","californicus","Myodes","Cricetidae","Rodentia","Mammalia","Western red-backed vole","Vole","Cricetids","Rodents","Mammals",2362,100,"Chordata","DESC_0231_14a",74336,"repa",21994,"Myodes californicus",7076,0.0951894102453724
"DESC_0231_14a_repaVireo sp.","DESC102a","DESC_0231_14a","repa","Vireo sp.","Vulpes vulpes","Vireo sp.","sp.","Vireo","Vireonidae","Passeriformes","Aves","Vireo sp.","","Vireos","Passerines","Birds",988,99.048,"Chordata","DESC_0231_14a",74336,"repa",21994,"Vireo sp.",4396,0.0591368919500646
"DESC_0231_14a_repbMarmota flaviventris","DESC102a","DESC_0231_14a","repb","Marmota flaviventris","Vulpes vulpes","Marmota flaviventris","flaviventris","Marmota","Sciuridae","Rodentia","Mammalia","Yellow-bellied marmot","Marmot","Squirrels","Rodents","Mammals",29338,99.495,"Chordata","DESC_0231_14a",74336,"repb",35042,"Marmota flaviventris",62864,0.845673697804563
"DESC_0231_14a_repbMyodes californicus","DESC102a","DESC_0231_14a","repb","Myodes californicus","Vulpes vulpes","Myodes californicus","californicus","Myodes","Cricetidae","Rodentia","Mammalia","Western red-backed vole","Vole","Cricetids","Rodents","Mammals",3094,100,"Chordata","DESC_0231_14a",74336,"repb",35042,"Myodes californicus",7076,0.0951894102453724
"DESC_0231_14a_repbVireo sp.","DESC102a","DESC_0231_14a","repb","Vireo sp.","Vulpes vulpes","Vireo sp.","sp.","Vireo","Vireonidae","Passeriformes","Aves","Vireo sp.","","Vireos","Passerines","Birds",2610,99.048,"Chordata","DESC_0231_14a",74336,"repb",35042,"Vireo sp.",4396,0.0591368919500646
"DESC_0231_14a_repcMarmota flaviventris","DESC102a","DESC_0231_14a","repc","Marmota flaviventris","Vulpes vulpes","Marmota flaviventris","flaviventris","Marmota","Sciuridae","Rodentia","Mammalia","Yellow-bellied marmot","Marmot","Squirrels","Rodents","Mammals",14882,99.495,"Chordata","DESC_0231_14a",74336,"repc",17300,"Marmota flaviventris",62864,0.845673697804563
"DESC_0231_14a_repcMyodes californicus","DESC102a","DESC_0231_14a","repc","Myodes californicus","Vulpes vulpes","Myodes californicus","californicus","Myodes","Cricetidae","Rodentia","Mammalia","Western red-backed vole","Vole","Cricetids","Rodents","Mammals",1620,100,"Chordata","DESC_0231_14a",74336,"repc",17300,"Myodes californicus",7076,0.0951894102453724
"DESC_0231_14a_repcVireo sp.","DESC102a","DESC_0231_14a","repc","Vireo sp.","Vulpes vulpes","Vireo sp.","sp.","Vireo","Vireonidae","Passeriformes","Aves","Vireo sp.","","Vireos","Passerines","Birds",798,99.048,"Chordata","DESC_0231_14a",74336,"repc",17300,"Vireo sp.",4396,0.0591368919500646
"DESC_0231_14b_repaJunco hyemalis","DESC102b","DESC_0231_14b","repa","Junco hyemalis","Vulpes vulpes","Junco hyemalis","hyemalis","Junco","Passerellidae","Passeriformes","Aves","Dark-eyed junco","Junco","Sparrows","Passerines","Birds",9542,100,"Chordata","DESC_0231_14b",57432,"repa",10546,"Junco hyemalis",53750,0.935889399637833
"DESC_0231_14b_repaPeromyscus maniculatus","DESC102b","DESC_0231_14b","repa","Peromyscus maniculatus","Vulpes vulpes","Peromyscus maniculatus","maniculatus","Peromyscus","Cricetidae","Rodentia","Mammalia","Deer mouse","Deer mice","Cricetids","Rodents","Mammals",1004,100,"Chordata","DESC_0231_14b",57432,"repa",10546,"Peromyscus maniculatus",3682,0.0641106003621674
"DESC_0231_14b_repbJunco hyemalis","DESC102b","DESC_0231_14b","repb","Junco hyemalis","Vulpes vulpes","Junco hyemalis","hyemalis","Junco","Passerellidae","Passeriformes","Aves","Dark-eyed junco","Junco","Sparrows","Passerines","Birds",38580,100,"Chordata","DESC_0231_14b",57432,"repb",40340,"Junco hyemalis",53750,0.935889399637833
"DESC_0231_14b_repbPeromyscus maniculatus","DESC102b","DESC_0231_14b","repb","Peromyscus maniculatus","Vulpes vulpes","Peromyscus maniculatus","maniculatus","Peromyscus","Cricetidae","Rodentia","Mammalia","Deer mouse","Deer mice","Cricetids","Rodents","Mammals",1760,100,"Chordata","DESC_0231_14b",57432,"repb",40340,"Peromyscus maniculatus",3682,0.0641106003621674
"DESC_0231_14b_repcJunco hyemalis","DESC102b","DESC_0231_14b","repc","Junco hyemalis","Vulpes vulpes","Junco hyemalis","hyemalis","Junco","Passerellidae","Passeriformes","Aves","Dark-eyed junco","Junco","Sparrows","Passerines","Birds",5628,100,"Chordata","DESC_0231_14b",57432,"repc",6546,"Junco hyemalis",53750,0.935889399637833
"DESC_0231_14b_repcPeromyscus maniculatus","DESC102b","DESC_0231_14b","repc","Peromyscus maniculatus","Vulpes vulpes","Peromyscus maniculatus","maniculatus","Peromyscus","Cricetidae","Rodentia","Mammalia","Deer mouse","Deer mice","Cricetids","Rodents","Mammals",918,100,"Chordata","DESC_0231_14b",57432,"repc",6546,"Peromyscus maniculatus",3682,0.0641106003621674
"DESC_0282_1_repaCallospermophilus lateralis","DESC01","DESC_0282_1","repa","Callospermophilus lateralis","Vulpes vulpes","Callospermophilus lateralis","lateralis","Callospermophilus","Sciuridae","Rodentia","Mammalia","Golden-mantled ground squirrel","Ground squirrel","Squirrels","Rodents","Mammals",1246,100,"Chordata","DESC_0282_1",6302,"repa",2542,"Callospermophilus lateralis",2990,0.474452554744526
"DESC_0282_1_repaPeromyscus maniculatus","DESC01","DESC_0282_1","repa","Peromyscus maniculatus","Vulpes vulpes","Peromyscus maniculatus","maniculatus","Peromyscus","Cricetidae","Rodentia","Mammalia","Deer mouse","Deer mice","Cricetids","Rodents","Mammals",1296,100,"Chordata","DESC_0282_1",6302,"repa",2542,"Peromyscus maniculatus",3312,0.525547445255474
"DESC_0282_1_repbCallospermophilus lateralis","DESC01","DESC_0282_1","repb","Callospermophilus lateralis","Vulpes vulpes","Callospermophilus lateralis","lateralis","Callospermophilus","Sciuridae","Rodentia","Mammalia","Golden-mantled ground squirrel","Ground squirrel","Squirrels","Rodents","Mammals",1082,100,"Chordata","DESC_0282_1",6302,"repb",2322,"Callospermophilus lateralis",2990,0.474452554744526
"DESC_0282_1_repbPeromyscus maniculatus","DESC01","DESC_0282_1","repb","Peromyscus maniculatus","Vulpes vulpes","Peromyscus maniculatus","maniculatus","Peromyscus","Cricetidae","Rodentia","Mammalia","Deer mouse","Deer mice","Cricetids","Rodents","Mammals",1240,100,"Chordata","DESC_0282_1",6302,"repb",2322,"Peromyscus maniculatus",3312,0.525547445255474
"DESC_0282_1_repcCallospermophilus lateralis","DESC01","DESC_0282_1","repc","Callospermophilus lateralis","Vulpes vulpes","Callospermophilus lateralis","lateralis","Callospermophilus","Sciuridae","Rodentia","Mammalia","Golden-mantled ground squirrel","Ground squirrel","Squirrels","Rodents","Mammals",662,100,"Chordata","DESC_0282_1",6302,"repc",1438,"Callospermophilus lateralis",2990,0.474452554744526
"DESC_0282_1_repcPeromyscus maniculatus","DESC01","DESC_0282_1","repc","Peromyscus maniculatus","Vulpes vulpes","Peromyscus maniculatus","maniculatus","Peromyscus","Cricetidae","Rodentia","Mammalia","Deer mouse","Deer mice","Cricetids","Rodents","Mammals",776,100,"Chordata","DESC_0282_1",6302,"repc",1438,"Peromyscus maniculatus",3312,0.525547445255474
"DESC_0282_12_repaLepus americanus","DESC12","DESC_0282_12","repa","Lepus americanus","Vulpes vulpes","Lepus americanus","americanus","Lepus","Leporidae","Lagomorpha","Mammalia","Snowshoe hare","Hare","Rabbits and hares","Lagomorphs","Mammals",25516,98.02,"Chordata","DESC_0282_12",130024,"repa",27460,"Lepus americanus",119180,0.916600012305421
"DESC_0282_12_repaPeromyscus maniculatus","DESC12","DESC_0282_12","repa","Peromyscus maniculatus","Vulpes vulpes","Peromyscus maniculatus","maniculatus","Peromyscus","Cricetidae","Rodentia","Mammalia","Deer mouse","Deer mice","Cricetids","Rodents","Mammals",1944,100,"Chordata","DESC_0282_12",130024,"repa",27460,"Peromyscus maniculatus",10844,0.0833999876945795
"DESC_0282_12_repbLepus americanus","DESC12","DESC_0282_12","repb","Lepus americanus","Vulpes vulpes","Lepus americanus","americanus","Lepus","Leporidae","Lagomorpha","Mammalia","Snowshoe hare","Hare","Rabbits and hares","Lagomorphs","Mammals",40762,98.02,"Chordata","DESC_0282_12",130024,"repb",44744,"Lepus americanus",119180,0.916600012305421
"DESC_0282_12_repbPeromyscus maniculatus","DESC12","DESC_0282_12","repb","Peromyscus maniculatus","Vulpes vulpes","Peromyscus maniculatus","maniculatus","Peromyscus","Cricetidae","Rodentia","Mammalia","Deer mouse","Deer mice","Cricetids","Rodents","Mammals",3982,100,"Chordata","DESC_0282_12",130024,"repb",44744,"Peromyscus maniculatus",10844,0.0833999876945795
"DESC_0282_12_repcLepus americanus","DESC12","DESC_0282_12","repc","Lepus americanus","Vulpes vulpes","Lepus americanus","americanus","Lepus","Leporidae","Lagomorpha","Mammalia","Snowshoe hare","Hare","Rabbits and hares","Lagomorphs","Mammals",52902,98.02,"Chordata","DESC_0282_12",130024,"repc",57820,"Lepus americanus",119180,0.916600012305421
"DESC_0282_12_repcPeromyscus maniculatus","DESC12","DESC_0282_12","repc","Peromyscus maniculatus","Vulpes vulpes","Peromyscus maniculatus","maniculatus","Peromyscus","Cricetidae","Rodentia","Mammalia","Deer mouse","Deer mice","Cricetids","Rodents","Mammals",4918,100,"Chordata","DESC_0282_12",130024,"repc",57820,"Peromyscus maniculatus",10844,0.0833999876945795
"DESC_0282_15_repaPeromyscus maniculatus","DESC15","DESC_0282_15","repa","Peromyscus maniculatus","Vulpes vulpes","Peromyscus maniculatus","maniculatus","Peromyscus","Cricetidae","Rodentia","Mammalia","Deer mouse","Deer mice","Cricetids","Rodents","Mammals",6514,100,"Chordata","DESC_0282_15",98128,"repa",37754,"Peromyscus maniculatus",17930,0.182720528289581
"DESC_0282_15_repaScapanus sp.","DESC15","DESC_0282_15","repa","Scapanus sp.","Vulpes vulpes","Scapanus sp.","sp.","Scapanus","Talpidae","Euliptophyla","Mammalia","Mole","Mole","Moles","Moles and shrews","Mammals",31240,100,"Chordata","DESC_0282_15",98128,"repa",37754,"Scapanus sp.",80198,0.817279471710419
"DESC_0282_15_repbPeromyscus maniculatus","DESC15","DESC_0282_15","repb","Peromyscus maniculatus","Vulpes vulpes","Peromyscus maniculatus","maniculatus","Peromyscus","Cricetidae","Rodentia","Mammalia","Deer mouse","Deer mice","Cricetids","Rodents","Mammals",7134,100,"Chordata","DESC_0282_15",98128,"repb",41582,"Peromyscus maniculatus",17930,0.182720528289581
"DESC_0282_15_repbScapanus sp.","DESC15","DESC_0282_15","repb","Scapanus sp.","Vulpes vulpes","Scapanus sp.","sp.","Scapanus","Talpidae","Euliptophyla","Mammalia","Mole","Mole","Moles","Moles and shrews","Mammals",34448,100,"Chordata","DESC_0282_15",98128,"repb",41582,"Scapanus sp.",80198,0.817279471710419
"DESC_0282_15_repcPeromyscus maniculatus","DESC15","DESC_0282_15","repc","Peromyscus maniculatus","Vulpes vulpes","Peromyscus maniculatus","maniculatus","Peromyscus","Cricetidae","Rodentia","Mammalia","Deer mouse","Deer mice","Cricetids","Rodents","Mammals",4282,100,"Chordata","DESC_0282_15",98128,"repc",18792,"Peromyscus maniculatus",17930,0.182720528289581
"DESC_0282_15_repcScapanus sp.","DESC15","DESC_0282_15","repc","Scapanus sp.","Vulpes vulpes","Scapanus sp.","sp.","Scapanus","Talpidae","Euliptophyla","Mammalia","Mole","Mole","Moles","Moles and shrews","Mammals",14510,100,"Chordata","DESC_0282_15",98128,"repc",18792,"Scapanus sp.",80198,0.817279471710419
"DESC_0282_16_repaTamias sp","DESC16","DESC_0282_16","repa","Tamias sp","Vulpes vulpes","Tamias sp.","sp.","Tamias","Sciuridae","Rodentia","Mammalia","Chipmunk","Chipmunk","Squirrels","Rodents","Mammals",570,100,"Chordata","DESC_0282_16",2642,"repa",570,"Tamias sp",2642,1
"DESC_0282_16_repbTamias sp","DESC16","DESC_0282_16","repb","Tamias sp","Vulpes vulpes","Tamias sp.","sp.","Tamias","Sciuridae","Rodentia","Mammalia","Chipmunk","Chipmunk","Squirrels","Rodents","Mammals",1014,100,"Chordata","DESC_0282_16",2642,"repb",1014,"Tamias sp",2642,1
"DESC_0282_16_repcTamias sp","DESC16","DESC_0282_16","repc","Tamias sp","Vulpes vulpes","Tamias sp.","sp.","Tamias","Sciuridae","Rodentia","Mammalia","Chipmunk","Chipmunk","Squirrels","Rodents","Mammals",1058,100,"Chordata","DESC_0282_16",2642,"repc",1058,"Tamias sp",2642,1
"DESC_0282_18_repaMyodes californicus","DESC19","DESC_0282_18","repa","Myodes californicus","Vulpes vulpes","Myodes californicus","californicus","Myodes","Cricetidae","Rodentia","Mammalia","Western red-backed vole","Vole","Cricetids","Rodents","Mammals",1778,100,"Chordata","DESC_0282_18",3604,"repa",1778,"Myodes californicus",3604,1
"DESC_0282_18_repbMyodes californicus","DESC19","DESC_0282_18","repb","Myodes californicus","Vulpes vulpes","Myodes californicus","californicus","Myodes","Cricetidae","Rodentia","Mammalia","Western red-backed vole","Vole","Cricetids","Rodents","Mammals",1208,100,"Chordata","DESC_0282_18",3604,"repb",1208,"Myodes californicus",3604,1
"DESC_0282_18_repcMyodes californicus","DESC19","DESC_0282_18","repc","Myodes californicus","Vulpes vulpes","Myodes californicus","californicus","Myodes","Cricetidae","Rodentia","Mammalia","Western red-backed vole","Vole","Cricetids","Rodents","Mammals",618,100,"Chordata","DESC_0282_18",3604,"repc",618,"Myodes californicus",3604,1
"DESC_0282_21_repaCervus canadensis","DESC22","DESC_0282_21","repa","Cervus canadensis","Vulpes vulpes","Cervus canadensis","canadensis","Cervus","Cervidae","Cetartiodactyla","Mammalia","Elk","Elk","Deer and elk","Even-toed ungulates","Mammals",2394,100,"Chordata","DESC_0282_21",222814,"repa",68846,"Cervus canadensis",8716,0.039117829220785
"DESC_0282_21_repaOdocoileus sp.","DESC22","DESC_0282_21","repa","Odocoileus sp.","Vulpes vulpes","Odocoileus sp.","sp.","Odocoileus","Cervidae","Cetartiodactyla","Mammalia","Deer","Deer","Deer and elk","Even-toed ungulates","Mammals",6816,100,"Chordata","DESC_0282_21",222814,"repa",68846,"Odocoileus sp.",23918,0.107345139892466
"DESC_0282_21_repaPeromyscus maniculatus","DESC22","DESC_0282_21","repa","Peromyscus maniculatus","Vulpes vulpes","Peromyscus maniculatus","maniculatus","Peromyscus","Cricetidae","Rodentia","Mammalia","Deer mouse","Deer mice","Cricetids","Rodents","Mammals",59636,100,"Chordata","DESC_0282_21",222814,"repa",68846,"Peromyscus maniculatus",190180,0.853537030886749
"DESC_0282_21_repbCervus canadensis","DESC22","DESC_0282_21","repb","Cervus canadensis","Vulpes vulpes","Cervus canadensis","canadensis","Cervus","Cervidae","Cetartiodactyla","Mammalia","Elk","Elk","Deer and elk","Even-toed ungulates","Mammals",3840,100,"Chordata","DESC_0282_21",222814,"repb",87298,"Cervus canadensis",8716,0.039117829220785
"DESC_0282_21_repbOdocoileus sp.","DESC22","DESC_0282_21","repb","Odocoileus sp.","Vulpes vulpes","Odocoileus sp.","sp.","Odocoileus","Cervidae","Cetartiodactyla","Mammalia","Deer","Deer","Deer and elk","Even-toed ungulates","Mammals",9944,100,"Chordata","DESC_0282_21",222814,"repb",87298,"Odocoileus sp.",23918,0.107345139892466
"DESC_0282_21_repbPeromyscus maniculatus","DESC22","DESC_0282_21","repb","Peromyscus maniculatus","Vulpes vulpes","Peromyscus maniculatus","maniculatus","Peromyscus","Cricetidae","Rodentia","Mammalia","Deer mouse","Deer mice","Cricetids","Rodents","Mammals",73514,100,"Chordata","DESC_0282_21",222814,"repb",87298,"Peromyscus maniculatus",190180,0.853537030886749
"DESC_0282_21_repcCervus canadensis","DESC22","DESC_0282_21","repc","Cervus canadensis","Vulpes vulpes","Cervus canadensis","canadensis","Cervus","Cervidae","Cetartiodactyla","Mammalia","Elk","Elk","Deer and elk","Even-toed ungulates","Mammals",2482,100,"Chordata","DESC_0282_21",222814,"repc",66670,"Cervus canadensis",8716,0.039117829220785
"DESC_0282_21_repcOdocoileus sp.","DESC22","DESC_0282_21","repc","Odocoileus sp.","Vulpes vulpes","Odocoileus sp.","sp.","Odocoileus","Cervidae","Cetartiodactyla","Mammalia","Deer","Deer","Deer and elk","Even-toed ungulates","Mammals",7158,100,"Chordata","DESC_0282_21",222814,"repc",66670,"Odocoileus sp.",23918,0.107345139892466
"DESC_0282_21_repcPeromyscus maniculatus","DESC22","DESC_0282_21","repc","Peromyscus maniculatus","Vulpes vulpes","Peromyscus maniculatus","maniculatus","Peromyscus","Cricetidae","Rodentia","Mammalia","Deer mouse","Deer mice","Cricetids","Rodents","Mammals",57030,100,"Chordata","DESC_0282_21",222814,"repc",66670,"Peromyscus maniculatus",190180,0.853537030886749
"DESC_0282_23_repaCallospermophilus lateralis","DESC24","DESC_0282_23","repa","Callospermophilus lateralis","Vulpes vulpes","Callospermophilus lateralis","lateralis","Callospermophilus","Sciuridae","Rodentia","Mammalia","Golden-mantled ground squirrel","Ground squirrel","Squirrels","Rodents","Mammals",332,100,"Chordata","DESC_0282_23",40946,"repa",8434,"Callospermophilus lateralis",1294,0.0316025985444244
"DESC_0282_23_repaMyodes californicus","DESC24","DESC_0282_23","repa","Myodes californicus","Vulpes vulpes","Myodes californicus","californicus","Myodes","Cricetidae","Rodentia","Mammalia","Western red-backed vole","Vole","Cricetids","Rodents","Mammals",3912,100,"Chordata","DESC_0282_23",40946,"repa",8434,"Myodes californicus",20790,0.507741903971084
"DESC_0282_23_repaPhenacomys intermedius","DESC24","DESC_0282_23","repa","Phenacomys intermedius","Vulpes vulpes","Phenacomys intermedius","intermedius","Phenacomys","Cricetidae","Rodentia","Mammalia","Western heather vole","Vole","Cricetids","Rodents","Mammals",4190,99.02,"Chordata","DESC_0282_23",40946,"repa",8434,"Phenacomys intermedius",18862,0.460655497484492
"DESC_0282_23_repbCallospermophilus lateralis","DESC24","DESC_0282_23","repb","Callospermophilus lateralis","Vulpes vulpes","Callospermophilus lateralis","lateralis","Callospermophilus","Sciuridae","Rodentia","Mammalia","Golden-mantled ground squirrel","Ground squirrel","Squirrels","Rodents","Mammals",0,100,"Chordata","DESC_0282_23",40946,"repb",10111,"Callospermophilus lateralis",1294,0.0316025985444244
"DESC_0282_23_repbMyodes californicus","DESC24","DESC_0282_23","repb","Myodes californicus","Vulpes vulpes","Myodes californicus","californicus","Myodes","Cricetidae","Rodentia","Mammalia","Western red-backed vole","Vole","Cricetids","Rodents","Mammals",5436,100,"Chordata","DESC_0282_23",40946,"repb",10111,"Myodes californicus",20790,0.507741903971084
"DESC_0282_23_repbPhenacomys intermedius","DESC24","DESC_0282_23","repb","Phenacomys intermedius","Vulpes vulpes","Phenacomys intermedius","intermedius","Phenacomys","Cricetidae","Rodentia","Mammalia","Western heather vole","Vole","Cricetids","Rodents","Mammals",4675,99.02,"Chordata","DESC_0282_23",40946,"repb",10111,"Phenacomys intermedius",18862,0.460655497484492
"DESC_0282_23_repcCallospermophilus lateralis","DESC24","DESC_0282_23","repc","Callospermophilus lateralis","Vulpes vulpes","Callospermophilus lateralis","lateralis","Callospermophilus","Sciuridae","Rodentia","Mammalia","Golden-mantled ground squirrel","Ground squirrel","Squirrels","Rodents","Mammals",962,100,"Chordata","DESC_0282_23",40946,"repc",22401,"Callospermophilus lateralis",1294,0.0316025985444244
"DESC_0282_23_repcMyodes californicus","DESC24","DESC_0282_23","repc","Myodes californicus","Vulpes vulpes","Myodes californicus","californicus","Myodes","Cricetidae","Rodentia","Mammalia","Western red-backed vole","Vole","Cricetids","Rodents","Mammals",11442,100,"Chordata","DESC_0282_23",40946,"repc",22401,"Myodes californicus",20790,0.507741903971084
"DESC_0282_23_repcPhenacomys intermedius","DESC24","DESC_0282_23","repc","Phenacomys intermedius","Vulpes vulpes","Phenacomys intermedius","intermedius","Phenacomys","Cricetidae","Rodentia","Mammalia","Western heather vole","Vole","Cricetids","Rodents","Mammals",9997,99.02,"Chordata","DESC_0282_23",40946,"repc",22401,"Phenacomys intermedius",18862,0.460655497484492
"DESC_0282_3_repaPhenacomys intermedius","DESC03","DESC_0282_3","repa","Phenacomys intermedius","Vulpes vulpes","Phenacomys intermedius","intermedius","Phenacomys","Cricetidae","Rodentia","Mammalia","Western heather vole","Vole","Cricetids","Rodents","Mammals",4447,98.68,"Chordata","DESC_0282_3",18472,"repa",4447,"Phenacomys intermedius",18472,1
"DESC_0282_3_repbPhenacomys intermedius","DESC03","DESC_0282_3","repb","Phenacomys intermedius","Vulpes vulpes","Phenacomys intermedius","intermedius","Phenacomys","Cricetidae","Rodentia","Mammalia","Western heather vole","Vole","Cricetids","Rodents","Mammals",6785,98.68,"Chordata","DESC_0282_3",18472,"repb",6785,"Phenacomys intermedius",18472,1
"DESC_0282_3_repcPhenacomys intermedius","DESC03","DESC_0282_3","repc","Phenacomys intermedius","Vulpes vulpes","Phenacomys intermedius","intermedius","Phenacomys","Cricetidae","Rodentia","Mammalia","Western heather vole","Vole","Cricetids","Rodents","Mammals",7240,98.68,"Chordata","DESC_0282_3",18472,"repc",7240,"Phenacomys intermedius",18472,1
"DESC_0282_30_repaLepus americanus","DESC31","DESC_0282_30","repa","Lepus americanus","Vulpes vulpes","Lepus americanus","americanus","Lepus","Leporidae","Lagomorpha","Mammalia","Snowshoe hare","Hare","Rabbits and hares","Lagomorphs","Mammals",13738,98.02,"Chordata","DESC_0282_30",106597,"repa",13738,"Lepus americanus",106597,1
"DESC_0282_30_repbLepus americanus","DESC31","DESC_0282_30","repb","Lepus americanus","Vulpes vulpes","Lepus americanus","americanus","Lepus","Leporidae","Lagomorpha","Mammalia","Snowshoe hare","Hare","Rabbits and hares","Lagomorphs","Mammals",39905,98.02,"Chordata","DESC_0282_30",106597,"repb",39905,"Lepus americanus",106597,1
"DESC_0282_30_repcLepus americanus","DESC31","DESC_0282_30","repc","Lepus americanus","Vulpes vulpes","Lepus americanus","americanus","Lepus","Leporidae","Lagomorpha","Mammalia","Snowshoe hare","Hare","Rabbits and hares","Lagomorphs","Mammals",52954,98.02,"Chordata","DESC_0282_30",106597,"repc",52954,"Lepus americanus",106597,1
"DESC_0282_32_repaTamias sp","DESC33","DESC_0282_32","repa","Tamias sp","Vulpes vulpes","Tamias sp.","sp.","Tamias","Sciuridae","Rodentia","Mammalia","Chipmunk","Chipmunk","Squirrels","Rodents","Mammals",3328,99.505,"Chordata","DESC_0282_32",32774,"repa",3328,"Tamias sp",32774,1
"DESC_0282_32_repbTamias sp","DESC33","DESC_0282_32","repb","Tamias sp","Vulpes vulpes","Tamias sp.","sp.","Tamias","Sciuridae","Rodentia","Mammalia","Chipmunk","Chipmunk","Squirrels","Rodents","Mammals",12288,99.505,"Chordata","DESC_0282_32",32774,"repb",12288,"Tamias sp",32774,1
"DESC_0282_32_repcTamias sp","DESC33","DESC_0282_32","repc","Tamias sp","Vulpes vulpes","Tamias sp.","sp.","Tamias","Sciuridae","Rodentia","Mammalia","Chipmunk","Chipmunk","Squirrels","Rodents","Mammals",17158,99.505,"Chordata","DESC_0282_32",32774,"repc",17158,"Tamias sp",32774,1
"DESC_0282_33_repaCallospermophilus lateralis","DESC34","DESC_0282_33","repa","Callospermophilus lateralis","Vulpes vulpes","Callospermophilus lateralis","lateralis","Callospermophilus","Sciuridae","Rodentia","Mammalia","Golden-mantled ground squirrel","Ground squirrel","Squirrels","Rodents","Mammals",45334,99.52825,"Chordata","DESC_0282_33",174464,"repa",45334,"Callospermophilus lateralis",174464,1
"DESC_0282_33_repbCallospermophilus lateralis","DESC34","DESC_0282_33","repb","Callospermophilus lateralis","Vulpes vulpes","Callospermophilus lateralis","lateralis","Callospermophilus","Sciuridae","Rodentia","Mammalia","Golden-mantled ground squirrel","Ground squirrel","Squirrels","Rodents","Mammals",77108,99.52825,"Chordata","DESC_0282_33",174464,"repb",77108,"Callospermophilus lateralis",174464,1
"DESC_0282_33_repcCallospermophilus lateralis","DESC34","DESC_0282_33","repc","Callospermophilus lateralis","Vulpes vulpes","Callospermophilus lateralis","lateralis","Callospermophilus","Sciuridae","Rodentia","Mammalia","Golden-mantled ground squirrel","Ground squirrel","Squirrels","Rodents","Mammals",52022,99.52825,"Chordata","DESC_0282_33",174464,"repc",52022,"Callospermophilus lateralis",174464,1
"DESC_0282_35_repaLarus sp.","DESC36","DESC_0282_35","repa","Larus sp.","Vulpes vulpes","Larus sp.","sp.","Larus","Charadriidae","Charadriiformes","Aves","Gull","Gull","Gulls","Gulls and shorebirds","Birds",52,100,"Chordata","DESC_0282_35",6097,"repa",596,"Larus sp.",1435,0.235361653272101
"DESC_0282_35_repaMyodes californicus","DESC36","DESC_0282_35","repa","Myodes californicus","Vulpes vulpes","Myodes californicus","californicus","Myodes","Cricetidae","Rodentia","Mammalia","Western red-backed vole","Vole","Cricetids","Rodents","Mammals",482,100,"Chordata","DESC_0282_35",6097,"repa",596,"Myodes californicus",3978,0.652452025586354
"DESC_0282_35_repaScapanus sp.","DESC36","DESC_0282_35","repa","Scapanus sp.","Vulpes vulpes","Scapanus sp.","sp.","Scapanus","Talpidae","Euliptophyla","Mammalia","Mole","Mole","Moles","Moles and shrews","Mammals",62,100,"Chordata","DESC_0282_35",6097,"repa",596,"Scapanus sp.",684,0.112186321141545
"DESC_0282_35_repbLarus sp.","DESC36","DESC_0282_35","repb","Larus sp.","Vulpes vulpes","Larus sp.","sp.","Larus","Charadriidae","Charadriiformes","Aves","Gull","Gull","Gulls","Gulls and shorebirds","Birds",118,100,"Chordata","DESC_0282_35",6097,"repb",1206,"Larus sp.",1435,0.235361653272101
"DESC_0282_35_repbMyodes californicus","DESC36","DESC_0282_35","repb","Myodes californicus","Vulpes vulpes","Myodes californicus","californicus","Myodes","Cricetidae","Rodentia","Mammalia","Western red-backed vole","Vole","Cricetids","Rodents","Mammals",902,100,"Chordata","DESC_0282_35",6097,"repb",1206,"Myodes californicus",3978,0.652452025586354
"DESC_0282_35_repbScapanus sp.","DESC36","DESC_0282_35","repb","Scapanus sp.","Vulpes vulpes","Scapanus sp.","sp.","Scapanus","Talpidae","Euliptophyla","Mammalia","Mole","Mole","Moles","Moles and shrews","Mammals",186,100,"Chordata","DESC_0282_35",6097,"repb",1206,"Scapanus sp.",684,0.112186321141545
"DESC_0282_35_repcLarus sp.","DESC36","DESC_0282_35","repc","Larus sp.","Vulpes vulpes","Larus sp.","sp.","Larus","Charadriidae","Charadriiformes","Aves","Gull","Gull","Gulls","Gulls and shorebirds","Birds",1265,100,"Chordata","DESC_0282_35",6097,"repc",4295,"Larus sp.",1435,0.235361653272101
"DESC_0282_35_repcMyodes californicus","DESC36","DESC_0282_35","repc","Myodes californicus","Vulpes vulpes","Myodes californicus","californicus","Myodes","Cricetidae","Rodentia","Mammalia","Western red-backed vole","Vole","Cricetids","Rodents","Mammals",2594,100,"Chordata","DESC_0282_35",6097,"repc",4295,"Myodes californicus",3978,0.652452025586354
"DESC_0282_35_repcScapanus sp.","DESC36","DESC_0282_35","repc","Scapanus sp.","Vulpes vulpes","Scapanus sp.","sp.","Scapanus","Talpidae","Euliptophyla","Mammalia","Mole","Mole","Moles","Moles and shrews","Mammals",436,100,"Chordata","DESC_0282_35",6097,"repc",4295,"Scapanus sp.",684,0.112186321141545
"DESC_0282_39_repaCallospermophilus lateralis","DESC41","DESC_0282_39","repa","Callospermophilus lateralis","Vulpes vulpes","Callospermophilus lateralis","lateralis","Callospermophilus","Sciuridae","Rodentia","Mammalia","Golden-mantled ground squirrel","Ground squirrel","Squirrels","Rodents","Mammals",188,100,"Chordata","DESC_0282_39",1804,"repa",916,"Callospermophilus lateralis",506,0.280487804878049
"DESC_0282_39_repaTamias sp","DESC41","DESC_0282_39","repa","Tamias sp","Vulpes vulpes","Tamias sp.","sp.","Tamias","Sciuridae","Rodentia","Mammalia","Chipmunk","Chipmunk","Squirrels","Rodents","Mammals",728,100,"Chordata","DESC_0282_39",1804,"repa",916,"Tamias sp",1298,0.719512195121951
"DESC_0282_39_repbCallospermophilus lateralis","DESC41","DESC_0282_39","repb","Callospermophilus lateralis","Vulpes vulpes","Callospermophilus lateralis","lateralis","Callospermophilus","Sciuridae","Rodentia","Mammalia","Golden-mantled ground squirrel","Ground squirrel","Squirrels","Rodents","Mammals",118,100,"Chordata","DESC_0282_39",1804,"repb",118,"Callospermophilus lateralis",506,0.280487804878049
"DESC_0282_39_repbTamias sp","DESC41","DESC_0282_39","repb","Tamias sp","Vulpes vulpes","Tamias sp.","sp.","Tamias","Sciuridae","Rodentia","Mammalia","Chipmunk","Chipmunk","Squirrels","Rodents","Mammals",0,100,"Chordata","DESC_0282_39",1804,"repb",118,"Tamias sp",1298,0.719512195121951
"DESC_0282_39_repcCallospermophilus lateralis","DESC41","DESC_0282_39","repc","Callospermophilus lateralis","Vulpes vulpes","Callospermophilus lateralis","lateralis","Callospermophilus","Sciuridae","Rodentia","Mammalia","Golden-mantled ground squirrel","Ground squirrel","Squirrels","Rodents","Mammals",200,100,"Chordata","DESC_0282_39",1804,"repc",770,"Callospermophilus lateralis",506,0.280487804878049
"DESC_0282_39_repcTamias sp","DESC41","DESC_0282_39","repc","Tamias sp","Vulpes vulpes","Tamias sp.","sp.","Tamias","Sciuridae","Rodentia","Mammalia","Chipmunk","Chipmunk","Squirrels","Rodents","Mammals",570,100,"Chordata","DESC_0282_39",1804,"repc",770,"Tamias sp",1298,0.719512195121951
"DESC_0282_41_repaCervus canadensis","DESC43","DESC_0282_41","repa","Cervus canadensis","Vulpes vulpes","Cervus canadensis","canadensis","Cervus","Cervidae","Cetartiodactyla","Mammalia","Elk","Elk","Deer and elk","Even-toed ungulates","Mammals",0,99.755,"Chordata","DESC_0282_41",38754,"repa",1052,"Cervus canadensis",36108,0.931723176962378
"DESC_0282_41_repaScapanus sp.","DESC43","DESC_0282_41","repa","Scapanus sp.","Vulpes vulpes","Scapanus sp.","sp.","Scapanus","Talpidae","Euliptophyla","Mammalia","Mole","Mole","Moles","Moles and shrews","Mammals",1052,100,"Chordata","DESC_0282_41",38754,"repa",1052,"Scapanus sp.",2646,0.0682768230376219
"DESC_0282_41_repbCervus canadensis","DESC43","DESC_0282_41","repb","Cervus canadensis","Vulpes vulpes","Cervus canadensis","canadensis","Cervus","Cervidae","Cetartiodactyla","Mammalia","Elk","Elk","Deer and elk","Even-toed ungulates","Mammals",0,99.755,"Chordata","DESC_0282_41",38754,"repb",324,"Cervus canadensis",36108,0.931723176962378
"DESC_0282_41_repbScapanus sp.","DESC43","DESC_0282_41","repb","Scapanus sp.","Vulpes vulpes","Scapanus sp.","sp.","Scapanus","Talpidae","Euliptophyla","Mammalia","Mole","Mole","Moles","Moles and shrews","Mammals",324,100,"Chordata","DESC_0282_41",38754,"repb",324,"Scapanus sp.",2646,0.0682768230376219
"DESC_0282_41_repcCervus canadensis","DESC43","DESC_0282_41","repc","Cervus canadensis","Vulpes vulpes","Cervus canadensis","canadensis","Cervus","Cervidae","Cetartiodactyla","Mammalia","Elk","Elk","Deer and elk","Even-toed ungulates","Mammals",36108,99.755,"Chordata","DESC_0282_41",38754,"repc",37378,"Cervus canadensis",36108,0.931723176962378
"DESC_0282_41_repcScapanus sp.","DESC43","DESC_0282_41","repc","Scapanus sp.","Vulpes vulpes","Scapanus sp.","sp.","Scapanus","Talpidae","Euliptophyla","Mammalia","Mole","Mole","Moles","Moles and shrews","Mammals",1270,100,"Chordata","DESC_0282_41",38754,"repc",37378,"Scapanus sp.",2646,0.0682768230376219
"DESC_0282_42_repaLepus americanus","DESC44","DESC_0282_42","repa","Lepus americanus","Vulpes vulpes","Lepus americanus","americanus","Lepus","Leporidae","Lagomorpha","Mammalia","Snowshoe hare","Hare","Rabbits and hares","Lagomorphs","Mammals",4098,98.02,"Chordata","DESC_0282_42",64714,"repa",21124,"Lepus americanus",13000,0.200883889112093
"DESC_0282_42_repaOdocoileus sp.","DESC44","DESC_0282_42","repa","Odocoileus sp.","Vulpes vulpes","Odocoileus sp.","sp.","Odocoileus","Cervidae","Cetartiodactyla","Mammalia","Deer","Deer","Deer and elk","Even-toed ungulates","Mammals",7614,99.6733333333333,"Chordata","DESC_0282_42",64714,"repa",21124,"Odocoileus sp.",24444,0.377723521958154
"DESC_0282_42_repaSorex sp.","DESC44","DESC_0282_42","repa","Sorex sp.","Vulpes vulpes","Sorex sp.","sp.","Sorex","Soricidae","Soricimorpha","Mammalia","Shrew","Shrew","Shrews","Moles and shrews","Mammals",9412,100,"Chordata","DESC_0282_42",64714,"repa",21124,"Sorex sp.",27270,0.421392588929752
"DESC_0282_42_repbLepus americanus","DESC44","DESC_0282_42","repb","Lepus americanus","Vulpes vulpes","Lepus americanus","americanus","Lepus","Leporidae","Lagomorpha","Mammalia","Snowshoe hare","Hare","Rabbits and hares","Lagomorphs","Mammals",2840,98.02,"Chordata","DESC_0282_42",64714,"repb",15054,"Lepus americanus",13000,0.200883889112093
"DESC_0282_42_repbOdocoileus sp.","DESC44","DESC_0282_42","repb","Odocoileus sp.","Vulpes vulpes","Odocoileus sp.","sp.","Odocoileus","Cervidae","Cetartiodactyla","Mammalia","Deer","Deer","Deer and elk","Even-toed ungulates","Mammals",6184,99.6733333333333,"Chordata","DESC_0282_42",64714,"repb",15054,"Odocoileus sp.",24444,0.377723521958154
"DESC_0282_42_repbSorex sp.","DESC44","DESC_0282_42","repb","Sorex sp.","Vulpes vulpes","Sorex sp.","sp.","Sorex","Soricidae","Soricimorpha","Mammalia","Shrew","Shrew","Shrews","Moles and shrews","Mammals",6030,100,"Chordata","DESC_0282_42",64714,"repb",15054,"Sorex sp.",27270,0.421392588929752
"DESC_0282_42_repcLepus americanus","DESC44","DESC_0282_42","repc","Lepus americanus","Vulpes vulpes","Lepus americanus","americanus","Lepus","Leporidae","Lagomorpha","Mammalia","Snowshoe hare","Hare","Rabbits and hares","Lagomorphs","Mammals",6062,98.02,"Chordata","DESC_0282_42",64714,"repc",28536,"Lepus americanus",13000,0.200883889112093
"DESC_0282_42_repcOdocoileus sp.","DESC44","DESC_0282_42","repc","Odocoileus sp.","Vulpes vulpes","Odocoileus sp.","sp.","Odocoileus","Cervidae","Cetartiodactyla","Mammalia","Deer","Deer","Deer and elk","Even-toed ungulates","Mammals",10646,99.6733333333333,"Chordata","DESC_0282_42",64714,"repc",28536,"Odocoileus sp.",24444,0.377723521958154
"DESC_0282_42_repcSorex sp.","DESC44","DESC_0282_42","repc","Sorex sp.","Vulpes vulpes","Sorex sp.","sp.","Sorex","Soricidae","Soricimorpha","Mammalia","Shrew","Shrew","Shrews","Moles and shrews","Mammals",11828,100,"Chordata","DESC_0282_42",64714,"repc",28536,"Sorex sp.",27270,0.421392588929752
"DESC_0459_9_repaCallospermophilus lateralis","DESC149","DESC_0459_9","repa","Callospermophilus lateralis","Vulpes vulpes","Callospermophilus lateralis","lateralis","Callospermophilus","Sciuridae","Rodentia","Mammalia","Golden-mantled ground squirrel","Ground squirrel","Squirrels","Rodents","Mammals",204,100,"Chordata","DESC_0459_9",14150,"repa",3608,"Callospermophilus lateralis",634,0.0448056537102473
"DESC_0459_9_repaMyodes californicus","DESC149","DESC_0459_9","repa","Myodes californicus","Vulpes vulpes","Myodes californicus","californicus","Myodes","Cricetidae","Rodentia","Mammalia","Western red-backed vole","Vole","Cricetids","Rodents","Mammals",976,100,"Chordata","DESC_0459_9",14150,"repa",3608,"Myodes californicus",3630,0.256537102473498
"DESC_0459_9_repaScapanus sp.","DESC149","DESC_0459_9","repa","Scapanus sp.","Vulpes vulpes","Scapanus sp.","sp.","Scapanus","Talpidae","Euliptophyla","Mammalia","Mole","Mole","Moles","Moles and shrews","Mammals",1336,100,"Chordata","DESC_0459_9",14150,"repa",3608,"Scapanus sp.",4978,0.351802120141343
"DESC_0459_9_repaSorex sp.","DESC149","DESC_0459_9","repa","Sorex sp.","Vulpes vulpes","Sorex sp.","sp.","Sorex","Soricidae","Soricimorpha","Mammalia","Shrew","Shrew","Shrews","Moles and shrews","Mammals",1092,100,"Chordata","DESC_0459_9",14150,"repa",3608,"Sorex sp.",4908,0.346855123674912
"DESC_0459_9_repbCallospermophilus lateralis","DESC149","DESC_0459_9","repb","Callospermophilus lateralis","Vulpes vulpes","Callospermophilus lateralis","lateralis","Callospermophilus","Sciuridae","Rodentia","Mammalia","Golden-mantled ground squirrel","Ground squirrel","Squirrels","Rodents","Mammals",0,100,"Chordata","DESC_0459_9",14150,"repb",2740,"Callospermophilus lateralis",634,0.0448056537102473
"DESC_0459_9_repbMyodes californicus","DESC149","DESC_0459_9","repb","Myodes californicus","Vulpes vulpes","Myodes californicus","californicus","Myodes","Cricetidae","Rodentia","Mammalia","Western red-backed vole","Vole","Cricetids","Rodents","Mammals",636,100,"Chordata","DESC_0459_9",14150,"repb",2740,"Myodes californicus",3630,0.256537102473498
"DESC_0459_9_repbScapanus sp.","DESC149","DESC_0459_9","repb","Scapanus sp.","Vulpes vulpes","Scapanus sp.","sp.","Scapanus","Talpidae","Euliptophyla","Mammalia","Mole","Mole","Moles","Moles and shrews","Mammals",1062,100,"Chordata","DESC_0459_9",14150,"repb",2740,"Scapanus sp.",4978,0.351802120141343
"DESC_0459_9_repbSorex sp.","DESC149","DESC_0459_9","repb","Sorex sp.","Vulpes vulpes","Sorex sp.","sp.","Sorex","Soricidae","Soricimorpha","Mammalia","Shrew","Shrew","Shrews","Moles and shrews","Mammals",1042,100,"Chordata","DESC_0459_9",14150,"repb",2740,"Sorex sp.",4908,0.346855123674912
"DESC_0459_9_repcCallospermophilus lateralis","DESC149","DESC_0459_9","repc","Callospermophilus lateralis","Vulpes vulpes","Callospermophilus lateralis","lateralis","Callospermophilus","Sciuridae","Rodentia","Mammalia","Golden-mantled ground squirrel","Ground squirrel","Squirrels","Rodents","Mammals",430,100,"Chordata","DESC_0459_9",14150,"repc",7802,"Callospermophilus lateralis",634,0.0448056537102473
"DESC_0459_9_repcMyodes californicus","DESC149","DESC_0459_9","repc","Myodes californicus","Vulpes vulpes","Myodes californicus","californicus","Myodes","Cricetidae","Rodentia","Mammalia","Western red-backed vole","Vole","Cricetids","Rodents","Mammals",2018,100,"Chordata","DESC_0459_9",14150,"repc",7802,"Myodes californicus",3630,0.256537102473498
"DESC_0459_9_repcScapanus sp.","DESC149","DESC_0459_9","repc","Scapanus sp.","Vulpes vulpes","Scapanus sp.","sp.","Scapanus","Talpidae","Euliptophyla","Mammalia","Mole","Mole","Moles","Moles and shrews","Mammals",2580,100,"Chordata","DESC_0459_9",14150,"repc",7802,"Scapanus sp.",4978,0.351802120141343
"DESC_0459_9_repcSorex sp.","DESC149","DESC_0459_9","repc","Sorex sp.","Vulpes vulpes","Sorex sp.","sp.","Sorex","Soricidae","Soricimorpha","Mammalia","Shrew","Shrew","Shrews","Moles and shrews","Mammals",2774,100,"Chordata","DESC_0459_9",14150,"repc",7802,"Sorex sp.",4908,0.346855123674912
"DESC0282_19_repaDendragapus fuliginosus","DESC20","DESC0282_19","repa","Dendragapus fuliginosus","Vulpes vulpes","Dendragapus fuliginosus","fuliginosus","Dendragapus","Phaisianidae","Galliformes","Aves","Sooty grouse","Grouse","Gamebirds","Gamebirds","Birds",8900,100,"Chordata","DESC0282_19",97411,"repa",32568,"Dendragapus fuliginosus",26094,0.267875291291538
"DESC0282_19_repaMarmota flaviventris","DESC20","DESC0282_19","repa","Marmota flaviventris","Vulpes vulpes","Marmota flaviventris","flaviventris","Marmota","Sciuridae","Rodentia","Mammalia","Yellow-bellied marmot","Marmot","Squirrels","Rodents","Mammals",23450,99.495,"Chordata","DESC0282_19",97411,"repa",32568,"Marmota flaviventris",70674,0.725523811479196
"DESC0282_19_repaScapanus sp.","DESC20","DESC0282_19","repa","Scapanus sp.","Vulpes vulpes","Scapanus sp.","sp.","Scapanus","Talpidae","Euliptophyla","Mammalia","Mole","Mole","Moles","Moles and shrews","Mammals",218,100,"Chordata","DESC0282_19",97411,"repa",32568,"Scapanus sp.",643,0.00660089722926569
"DESC0282_19_repbDendragapus fuliginosus","DESC20","DESC0282_19","repb","Dendragapus fuliginosus","Vulpes vulpes","Dendragapus fuliginosus","fuliginosus","Dendragapus","Phaisianidae","Galliformes","Aves","Sooty grouse","Grouse","Gamebirds","Gamebirds","Birds",11970,100,"Chordata","DESC0282_19",97411,"repb",44678,"Dendragapus fuliginosus",26094,0.267875291291538
"DESC0282_19_repbMarmota flaviventris","DESC20","DESC0282_19","repb","Marmota flaviventris","Vulpes vulpes","Marmota flaviventris","flaviventris","Marmota","Sciuridae","Rodentia","Mammalia","Yellow-bellied marmot","Marmot","Squirrels","Rodents","Mammals",32416,99.495,"Chordata","DESC0282_19",97411,"repb",44678,"Marmota flaviventris",70674,0.725523811479196
"DESC0282_19_repbScapanus sp.","DESC20","DESC0282_19","repb","Scapanus sp.","Vulpes vulpes","Scapanus sp.","sp.","Scapanus","Talpidae","Euliptophyla","Mammalia","Mole","Mole","Moles","Moles and shrews","Mammals",292,100,"Chordata","DESC0282_19",97411,"repb",44678,"Scapanus sp.",643,0.00660089722926569
"DESC0282_19_repcDendragapus fuliginosus","DESC20","DESC0282_19","repc","Dendragapus fuliginosus","Vulpes vulpes","Dendragapus fuliginosus","fuliginosus","Dendragapus","Phaisianidae","Galliformes","Aves","Sooty grouse","Grouse","Gamebirds","Gamebirds","Birds",5224,100,"Chordata","DESC0282_19",97411,"repc",20165,"Dendragapus fuliginosus",26094,0.267875291291538
"DESC0282_19_repcMarmota flaviventris","DESC20","DESC0282_19","repc","Marmota flaviventris","Vulpes vulpes","Marmota flaviventris","flaviventris","Marmota","Sciuridae","Rodentia","Mammalia","Yellow-bellied marmot","Marmot","Squirrels","Rodents","Mammals",14808,99.495,"Chordata","DESC0282_19",97411,"repc",20165,"Marmota flaviventris",70674,0.725523811479196
"DESC0282_19_repcScapanus sp.","DESC20","DESC0282_19","repc","Scapanus sp.","Vulpes vulpes","Scapanus sp.","sp.","Scapanus","Talpidae","Euliptophyla","Mammalia","Mole","Mole","Moles","Moles and shrews","Mammals",133,100,"Chordata","DESC0282_19",97411,"repc",20165,"Scapanus sp.",643,0.00660089722926569
"KLAM_0001_07_repaSalvelinus fontinalis","KLAM_0001_07","KLAM_0001_07","repa","Salvelinus fontinalis","Vulpes vulpes","Salvelinus fontinalis","fontinalis","Salvelinus","Salmonidae","Salmoniformes","Actinopterygii","Trout","Trout","Salmon and trout","Salmon and trout","Fishes",49626,100,"Chordata","KLAM_0001_07",138748,"repa",49626,"Salvelinus fontinalis",138748,1
"KLAM_0001_07_repbSalvelinus fontinalis","KLAM_0001_07","KLAM_0001_07","repb","Salvelinus fontinalis","Vulpes vulpes","Salvelinus fontinalis","fontinalis","Salvelinus","Salmonidae","Salmoniformes","Actinopterygii","Trout","Trout","Salmon and trout","Salmon and trout","Fishes",26088,100,"Chordata","KLAM_0001_07",138748,"repb",26088,"Salvelinus fontinalis",138748,1
"KLAM_0001_07_repcSalvelinus fontinalis","KLAM_0001_07","KLAM_0001_07","repc","Salvelinus fontinalis","Vulpes vulpes","Salvelinus fontinalis","fontinalis","Salvelinus","Salmonidae","Salmoniformes","Actinopterygii","Trout","Trout","Salmon and trout","Salmon and trout","Fishes",63034,100,"Chordata","KLAM_0001_07",138748,"repc",63034,"Salvelinus fontinalis",138748,1
"LINN_0455_15_repaCallospermophilus lateralis","LINN15","LINN_0455_15","repa","Callospermophilus lateralis","Vulpes vulpes","Callospermophilus lateralis","lateralis","Callospermophilus","Sciuridae","Rodentia","Mammalia","Golden-mantled ground squirrel","Ground squirrel","Squirrels","Rodents","Mammals",38600,99.67,"Chordata","LINN_0455_15",87716,"repa",38600,"Callospermophilus lateralis",87716,1
"LINN_0455_15_repbCallospermophilus lateralis","LINN15","LINN_0455_15","repb","Callospermophilus lateralis","Vulpes vulpes","Callospermophilus lateralis","lateralis","Callospermophilus","Sciuridae","Rodentia","Mammalia","Golden-mantled ground squirrel","Ground squirrel","Squirrels","Rodents","Mammals",0,99.67,"Chordata","LINN_0455_15",87716,"repb",0,"Callospermophilus lateralis",87716,1
"LINN_0455_15_repcCallospermophilus lateralis","LINN15","LINN_0455_15","repc","Callospermophilus lateralis","Vulpes vulpes","Callospermophilus lateralis","lateralis","Callospermophilus","Sciuridae","Rodentia","Mammalia","Golden-mantled ground squirrel","Ground squirrel","Squirrels","Rodents","Mammals",49116,99.67,"Chordata","LINN_0455_15",87716,"repc",49116,"Callospermophilus lateralis",87716,1
